baseMean	log2FoldChange	lfcSE	stat	pvalue	padj	DGC
0.3270032230548955	-1.7300799098484652	2.425148858670087	-0.7133912228370234	0.47560370286383513	NA	(AGly)Aac
0.09059671538327513	0.3157589513115323	2.431436037466055	0.12986520987844025	0.8966730696388131	NA	(AGly)Aac)-IVa
0.18499501645634064	-0.7764465439506352	2.4279385278949217	-0.3197966237735978	0.7491225071653803	NA	(AGly)Aac3
57.159722431589465	-7.788541733367343	1.5834542568697079	-4.918703334546791	8.711938863442894e-7	4.641360532420438e-6	(AGly)Aac6-Aph2
3.773721738494045	-4.664676056417596	1.7991849739117063	-2.592660634707208	0.009523669462386293	0.027762394942239286	(AGly)Aac6-Ii
0.40915273102317234	1.2620376218874474	1.2182528059078437	1.0359406649976688	0.30022982474881854	NA	(AGly)Aac6-Im
7.44706411476562	3.838237813209524	0.5687382146709947	6.748689843937916	1.4918610860358346e-11	1.8439403023402915e-10	(AGly)AadA
0.4211796903939375	-1.7457030229121195	2.423047813992968	-0.7204575216513601	0.47124334472683643	NA	(AGly)AadA4
0.4211796903939375	-1.7457030229121195	2.423047813992968	-0.7204575216513601	0.47124334472683643	NA	(AGly)AadA5
0.230384573017195	1.1452528911255044	1.624986338620675	0.7047769349849555	0.48094906448103575	NA	(AGly)AadA9
0.0544235441785701	-0.7713064890725283	2.4316762252907695	-0.3171912777904051	0.7510984677978887	NA	(AGly)AadD
95.050161340945	1.069719319992385	0.7848314752939223	1.3629923794681795	0.17288491230869554	0.3198888497208798	(AGly)Ant6-Ia
63.42788001516428	8.86175145060313	0.7549606169217365	11.73803143101144	8.135814814077466e-32	8.37988925849979e-30	(AGly)Ant6-Ib
1.726437143603432	3.2173032458663857	0.8601137734127309	3.740555430359959	1.8361404561060616e-4	7.092092511709662e-4	(AGly)Aph2-Ib
0.4657257973192579	1.660214113392237	2.4168634621830947	0.6869292119185771	0.4921273375801178	NA	(AGly)Aph2''Ic
0.36939177317332633	1.6739628573118976	1.8707487378653525	0.8948090266905643	0.37088918415372485	NA	(AGly)Aph3-Ia
0.01624880030155393	-0.4723218325952465	2.433829327123855	-0.19406530578436512	0.8461247471214334	NA	(AGly)Aph3-IIb
111.55960436512507	-0.8448677960190007	0.8975847591315642	-0.9412679832447596	0.34656754569805537	0.4838332509415894	(AGly)Aph3-III
0.36939177317332633	1.6739628573118976	1.8707487378653525	0.8948090266905643	0.37088918415372485	NA	(AGly)Aph3''Ia
0.046344728079529045	0.2161360576125893	2.431964515180407	0.08887303094410322	0.9291828169088749	NA	(AGly)Aph4-Ia
8.226769032405784	6.096799180110668	0.967510238906977	6.301534531560503	2.947131030824992e-10	2.7595863288634017e-9	(AGly)ApmA
0.10882444099221628	0.31575895330478865	2.4314360374803377	0.129865210697463	0.8966730689908148	NA	(AGly)NpmA
2.1965546547920254	3.547323278507995	1.4130703609364605	2.510365638238379	0.012060620965342508	0.033879380711734866	(AGly)RmtF
0.7996188068281324	2.3018027044106626	1.5457225578797946	1.489143502937521	0.13644958431593152	0.2658799507709057	(AGly)Sat-2A
19.550418540449186	1.615935416285673	0.7291386125144165	2.216225267117811	0.026676078248238616	0.07167746242352811	(AGly)Sat4A
0.4854760007762766	1.172410401572148	2.2643467343250694	0.5177698202310022	0.6046188773708883	NA	(AGly)Spc
49.76405709407129	-4.591023362298105	0.9938276414217078	-4.619536799892659	3.845976659724247e-6	1.8283181351612192e-5	(AGly)StrA
51.87513077999428	-3.893815760922469	1.0483498003448948	-3.7142333213984964	2.0382067866833226e-4	7.680559720550569e-4	(AGly)StrB
2.1359146493009873	-3.7402216072902417	2.0945434461080508	-1.7856977921561317	0.07414820305329879	0.16971699809977278	(Bla)-ACT/MIR
4.446442326239301	-4.612869010555741	2.103932608836927	-2.1924984627267965	0.028343533974567944	0.07422162710289402	(Bla)-CEPA
1873.788647460099	-5.127500170835918	0.9798574710626564	-5.2329040929546	1.668673312630045e-7	9.915770261590074e-7	(Bla)-cfxA
1.5011997897787563	-3.3618833758265354	1.753800837977612	-1.9169128575073993	0.05524900334914592	0.13164425755162942	(Bla)-CMY
0.21605570094698456	-1.0254339266599108	2.4296290594900687	-0.42205369690265776	0.6729858239598578	NA	(Bla)-CTX-M
1.3581695644374232	-3.0090647845724594	2.3403568321437005	-1.2857290577421228	0.198537636434452	0.35667517243166086	(Bla)-DHA/MOR
0.1544534564332141	0.5209593995200155	2.430444734950299	0.21434735463370608	0.8302761924032995	NA	(Bla)-OXAc
0.7930708910419734	-2.5706150354807042	2.2845882142779743	-1.125198414057794	0.2605049650472285	0.4259049428549926	(Bla)-OXAd
0.20867521084144983	-1.4786101647802448	2.426736578551295	-0.6092998217643139	0.5423257252135135	NA	(Bla)-OXY/CTX-M
8.344338383946738	1.0899688357228698	0.9102180613035524	1.1974810015985518	0.23111912823646794	0.39239456387400323	(Bla)-TEM
5.177770902521726	-5.04903350954232	1.8481356752013798	-2.7319604168087706	0.006295870452611013	0.01888761135783304	(Bla)ACC-3
23.338206827208534	5.1015258240936765	0.9258692138964846	5.509985371069963	3.5886352218728075e-8	2.333656891547306e-7	(Bla)ACI-1
23.338206827208534	5.1015258240936765	0.9258692138964846	5.509985371069963	3.5886352218728075e-8	2.333656891547306e-7	(Bla)ACI1
0.17975041182900167	-1.1522623422747835	2.428729916444312	-0.4744300033005352	0.6351933018211702	NA	(Bla)AmpC
6.355507797494147	1.2257075973969827	0.7227632493028052	1.6958632008189813	0.08991179010610695	0.19987584994810825	(Bla)AmpC1_Ecoli
11.24881143054433	-0.6437476686891419	0.5353716526767623	-1.2024313679488239	0.22919644206132497	0.39239456387400323	(Bla)AmpC2_Ecoli
0.3711408273474809	-0.993093060109778	2.222915930336634	-0.44675241495047724	0.6550538323194353	NA	(Bla)AmpH
9.583571519311533	-0.5039958059406539	0.6601011619295378	-0.7635129810519143	0.4451575236759976	0.5682861309150568	(Bla)AMPH_Ecoli
0.26628534588316394	-0.9540300995612999	2.4301697216099836	-0.3925775599447665	0.6946315161748982	NA	(Bla)MECA
0.21605570094698456	-1.0254339266599108	2.4296290594900687	-0.42205369690265776	0.6729858239598578	NA	(Bla)OXA-347
0.22811060200614774	-0.633666658703775	2.432762470793487	-0.2604720626494595	0.7944996625290541	NA	(Bla)OXA-50
0.021493404928892894	-0.014584871008916988	2.4333211407794963	-0.005993812639232992	0.9952176580697301	NA	(Bla)OXA-60
0.4595122112680549	1.9486285634932792	1.6196630603926605	1.2031073691468066	0.22893477408684704	NA	(Bla)OXA-61
0.2642952975956921	-1.435711227526922	2.4269746533556926	-0.5915641622139788	0.554142478023817	NA	(Bla)OXA-85
19.97533916918956	-0.4988019978465535	0.5089786075337996	-0.9800058204085319	0.3270832455994494	0.4742141995222615	(Bla)Penicillin_Binding_Protein_Ecoli
0.08397311784158012	0.06173873374481208	2.4328507482091175	0.02537711521771712	0.9797541646395564	NA	(Bla)ROB-1
0.4955450769245133	-1.9230226325130866	1.9158078873484874	-1.0037659022140182	0.3154914633139506	NA	(Flq)OqxA
0.6193167440597869	-2.3108315455310726	2.29770667735776	-1.0057121599996417	0.3145540520402305	0.4742141995222615	(Flq)OqxBgb
0.15262135320046877	-0.6336666699582106	2.4327624706816517	-0.26047206728762934	0.7944996589517636	NA	(Flq)QepA
0.15262135320046877	-0.6336666699582106	2.4327624706816517	-0.26047206728762934	0.7944996589517636	NA	(Flq)QepA2
0.03249760060310786	-0.6183455814505575	2.432859064515851	-0.25416416037795053	0.7993687374779878	NA	(Flq)QnrB
0.046344728079529045	0.2161360576125893	2.431964515180407	0.08887303094410322	0.9291828169088749	NA	(Flq)QnrS
0.43910700433171507	-1.7923888208450756	2.2425013599525196	-0.7992810407406066	0.4241274697961249	NA	(Gly)VanA-D
1.238871179374645	-2.9555823332887803	2.3291908206321934	-1.2689309553807062	0.2044656906005647	0.36520172482991037	(Gly)VanA-G
0.2441166709799278	0.3573759040045287	1.6997057150958697	0.21025751742228588	0.8334666903070642	NA	(Gly)VanB
0.08397311784158012	0.06173873374481208	2.4328507482091175	0.02537711521771712	0.9797541646395564	NA	(Gly)VanH-B
0.22811060200614774	-0.633666658703775	2.432762470793487	-0.2604720626494595	0.7944996625290541	NA	(Gly)VanH-D
0.08485990616898775	0.06173873374481212	2.4328507482091175	0.025377115217717138	0.9797541646395564	NA	(Gly)VanR-B
0.25549494330731576	1.2228154826803885	1.9317626748771932	0.6330050262298011	0.5267303607235923	NA	(Gly)VanS-B
0.46132347093335235	-2.162007297814626	1.855677259913611	-1.1650772170993116	0.24398773806550497	NA	(Gly)VanS-D
0.05805467701631589	0.061738733744811994	2.4328507482091175	0.025377115217717086	0.9797541646395564	NA	(Gly)VanW-B
0.05805467701631589	0.061738733744811994	2.4328507482091175	0.025377115217717086	0.9797541646395564	NA	(Gly)VanX-B
0.22811060200614774	-0.633666658703775	2.432762470793487	-0.2604720626494595	0.7944996625290541	NA	(Gly)VanX-D
0.4686195834629148	1.339225331419617	1.5198382621212763	0.8811630584628306	0.3782295707471976	NA	(Gly)VanY-B
0.3624154971894084	-1.0254339182504981	2.42962905956512	-0.4220536934284284	0.6729858264956767	NA	(Gly)VanY-D
0.02081200270915483	-0.513497534689455	2.4335463975017646	-0.21100790813629133	0.8328811004874385	NA	(MLS)Erm35
269.0512289795578	0.23664462550606397	0.888043606442585	0.2664786095967055	0.7898706310876792	0.8504182055961425	(MLS)ErmB
0.2716695569817591	0.06173862366300397	2.432850746784478	0.025377069984504598	0.979754200718819	NA	(MLS)ErmC
546.6908898815326	-3.325127387011057	0.8527078568641817	-3.8994919071569893	9.639475901497e-5	3.919207965213912e-4	(MLS)ErmF
176.57078396779167	-3.7506182864185944	1.1579253706259665	-3.2390846435906626	0.0011991398112083862	0.004117046685148792	(MLS)ErmG
40.750677291025625	8.54358326220474	0.697022429165643	12.257257305811045	1.5361150974266021e-34	2.3732978255241002e-32	(MLS)ErmQ
0.3370692955826281	-0.633666736070004	2.432762469982614	-0.26047209453807985	0.7944996379342547	NA	(MLS)ErmT
1.7606335950557428	3.8833033468772977	1.210242414584366	3.2086987698335974	0.001333371081655551	0.004527600705841376	(MLS)ErmX
7.315949699598125	5.6761914166049054	1.3277449029113435	4.2750617262086505	1.9108434659236332e-5	8.088364807813734e-5	(MLS)LnuA
41.4936850499949	0.8373735932837253	1.1690390823224055	0.7162922146453857	0.4738109330321757	0.5913609615982075	(MLS)LnuB
133.29096644953606	5.136054136424273	0.8833346475867077	5.814392258309013	6.085456508996953e-9	4.27365013927286e-8	(MLS)LnuC
0.15620063100939327	0.7887150116183158	2.4285494320486922	0.32476794633451883	0.7453567057328894	NA	(MLS)LnuF
0.46860445749733837	-2.274597956640808	1.5811405058883992	-1.4385805361192578	0.15026940427111607	NA	(MLS)LsaA
0.31208371984772787	-0.28454991949421493	2.4305554095549433	-0.11707197390999557	0.90680301856665	NA	(MLS)LsaC
309.39421167867874	4.503910459064322	0.7624540661350887	5.907123666996533	3.4813241994096724e-9	2.5516662029656888e-8	(MLS)MefA
0.44560892097924765	2.165105445328059	1.2443377333901646	1.7399660777217512	0.08186497461887997	NA	(MLS)MefB
0.4087540288186194	-1.9050478648416493	2.4239027513460965	-0.7859423666166867	0.43190125249265326	NA	(MLS)MphA
0.035645462926597725	-0.6421631585876245	2.432709315797578	-0.2639703619407104	0.7918027567070152	NA	(MLS)MphD
25.821122674350033	-5.169834277423164	1.3694563060865739	-3.7750998366619952	1.5994359207834944e-4	6.336226916949997e-4	(MLS)MsrC
15.806838120497252	1.3449900803341588	1.2434617609751792	1.0816497318577425	0.27940819743687767	0.44503676808244946	(MLS)MsrD
3.499498001831735	4.388278148250048	1.7707711036482896	2.478173570377873	0.013205688638672722	0.03676178188603488	(MLS)VatE
0.15060529840162673	0.4124868220533456	2.430953124333564	0.16968110899564431	0.8652609314566034	NA	(Phe)Cat-pC194
0.2686097903665214	-1.0254338545912745	2.4296290601390114	-0.4220536671275261	0.6729858456925467	NA	(Phe)CatA/Cat-pC
0.4578640596014063	-1.4290292073717257	2.4270123487676565	-0.588801786730641	0.5559942471385827	NA	(Phe)CatA1
0.04586020811135729	0.06173873374481231	2.4328507482091175	0.025377115217717218	0.9797541646395563	NA	(Phe)CatA3
0.15060529840162673	0.4124868220533456	2.430953124333564	0.16968110899564431	0.8652609314566034	NA	(Phe)CatA9
0.08175080576372387	-0.6336666667619855	2.432762470715556	-0.26047206597017386	0.7944996599678801	NA	(Phe)CatB3
0.16350161152744774	-1.0254338937561975	2.4296290597863925	-0.4220536833084929	0.6729858338821566	NA	(Phe)CatB4
0.01624880030155393	-0.4723218325952465	2.433829327123855	-0.19406530578436512	0.8461247471214334	NA	(Phe)CatB7
0.8828637936984116	-2.424056536161336	1.6766471080374454	-1.445776230753024	0.14823997498860753	0.2827540263671588	(Phe)CatS/P/D
2.299562411534657	4.487772594599025	0.8152806433527602	5.504573953998844	3.700620960706084e-8	2.333656891547306e-7	(Phe)CmlA1
2.299562411534657	4.487772594599025	0.8152806433527602	5.504573953998844	3.700620960706084e-8	2.333656891547306e-7	(Phe)CmlA5
8.073820699861411	6.172773138027787	0.8462860756600672	7.293955691298933	3.009844592161689e-13	4.65020989488981e-12	(Phe)Cmr
0.4657257973192579	1.660214113392237	2.4168634621830947	0.6869292119185771	0.4921273375801178	NA	(Phe)FexA
2.0582555804779377	4.039279088369034	1.1561659271919158	3.493684594372708	4.7640349887761866e-4	0.0017117288506184206	(Phe)FloR
3.7966950495209226	3.139763726032301	0.8594467143398906	3.653238384236349	2.5895361395208933e-4	9.640562254360917e-4	(Sul)SulI
195.10341395695022	-6.949970960248023	0.9676948244665582	-7.181986287959321	6.870581402028156e-13	1.0109569777270001e-11	(Sul)SulII
2.38292255648684	4.549098492860666	0.878553836755729	5.1779393618714415	2.243501219145799e-7	1.3080035409736827e-6	(Sul)SulIII
185.18857395514962	-1.256463537446733	0.7533594831148763	-1.667814059035533	0.09535264410767832	0.2060417274774308	(Tet)Tet-32
1.3457150675110285	3.5805034355336343	1.145439141635408	3.1258783687289995	0.0017727485651113243	0.005827439432121268	(Tet)Tet-33
0.2716695569817591	0.06173862366300397	2.432850746784478	0.025377069984504598	0.979754200718819	NA	(Tet)Tet-39
664.204262343527	3.9591023117135036	0.8351335536683185	4.740681648250359	2.130003889420534e-6	1.0969520030515751e-5	(Tet)Tet-40
388.3351736183159	8.690995049248265	0.7735187998146169	11.235661048356118	2.7244692986267157e-29	2.1046525331891377e-27	(Tet)Tet-44
9.984725824964531	3.8324943854741704	0.8271639547310613	4.633294721746238	3.5989160936544255e-6	1.7651826554590753e-5	(Tet)TetA
138.43603303021385	9.97324735146815	0.712129764834303	14.004817441928868	1.4565351835198594e-44	4.5006937170763654e-42	(Tet)TetA-P
3.338251779247365	2.2467314144133343	0.8801971236963168	2.552532102102728	0.010694305387854429	0.030597595970805726	(Tet)TetB
90.98873384005205	8.20237472765271	0.8062507061594004	10.173479123788889	2.60436526702976e-24	1.6094977350243914e-22	(Tet)TetB-P
0.18811919563961277	0.7868204723487064	2.4140610681824786	0.32593229836604565	0.7444755783002348	NA	(Tet)TetC
0.7076276152598132	-1.5380707739259296	1.6660003221969097	-0.9232115705102129	0.35589696026652606	0.4887651587660291	(Tet)TetD
0.37803410256149367	1.7528449731604006	1.5719286754688753	1.115091925298431	0.26481103136395173	NA	(Tet)TetG
434.98847093272764	9.101794493228551	1.0290365476770216	8.84496718194822	9.155521450906822e-19	3.143395698144676e-17	(Tet)TetL
47.19973951455831	0.8302243650869641	0.5987195463356539	1.386666545577458	0.1655434663194741	0.30815018730552707	(Tet)TetM
628.3981327123115	1.877315003952931	0.6676026415561176	2.8120245294073283	0.004923074880307534	0.015212301380150279	(Tet)TetO
5600.3487624139	-1.9296974195407626	0.73133404781397	-2.638599180919881	0.008324934464889829	0.024734661054336127	(Tet)TetQ
3.9809038270059216	2.647282946108536	0.6970969696351866	3.797582060203109	1.4611441257933653e-4	5.863552400911038e-4	(Tet)TetR
0.06735361304025018	0.28113593090071887	2.431616025443744	0.11561690988996282	0.9079561606297779	NA	(Tet)TetR(G)
1.4745340259444706	1.5421709776302983	1.5981511722764623	0.9649719027728623	0.33455888509984794	0.4742141995222615	(Tet)TetS
2213.652366097922	1.4859742570865124	0.7210493329424089	2.060849638432713	0.03931738715727268	0.0995825625540759	(Tet)TetW
728.1726442051964	-4.860853618277742	0.8020195330629815	-6.060767123356366	1.3547385778608788e-9	1.0733697963051579e-8	(Tet)TetX
6.171650853628921	5.729304605017631	0.9225896099257995	6.2100250678938576	5.297614981338494e-10	4.547119525648874e-9	(Tet)TetZ
0.52038409580866	1.9283168656402458	2.228485202868876	0.8653038679179006	0.38687202842253016	NA	(Tmt)DfrA1
0.5321097518799748	2.3074046971038418	1.410974104946154	1.635327458537517	0.10198042035861654	0.21732379235043112	(Tmt)DfrA12
0.08397311784158012	0.06173873374481208	2.4328507482091175	0.02537711521771712	0.9797541646395564	NA	(Tmt)DfrA5/14/30
0.22811060200614774	-0.633666658703775	2.432762470793487	-0.2604720626494595	0.7944996625290541	NA	(Tmt)DfrA7/17/32
0.03817474387701618	-0.6336666667619855	2.4327624707155557	-0.2604720659701739	0.79449965996788	NA	(Tmt)DfrG
9.209546483241859	-0.20127349295730396	0.5030865589981385	-0.40007726177007386	0.6890996112529268	0.7714919560766464	Bac1
0.6903873914668102	-1.1522626338168123	2.4287299137200637	-0.4744301238715761	0.6351932158591276	0.7269433470387793	Bac10
0.8718017793638334	-0.3707463221542043	0.8735980632751947	-0.42439004588018914	0.6712813789858174	0.7570290003891151	Bac100
11.498256288493055	-0.6712890000411511	0.6523337177474767	-1.029057646075888	0.3034525871396184	0.46446124408706674	Bac101
9.951427767104269	-0.2563434912942143	0.6683071309261706	-0.3835713842211466	0.7012961526667788	0.7769624731411785	Bac102
12.593124389827913	-0.6849044060642344	0.5709096403950152	-1.1996721680690934	0.23026668626703028	0.39239456387400323	Bac105
0.9155892252917369	-1.3997918941547798	0.8974162827843898	-1.5598022021749844	0.11880663091351043	0.24474165968183148	Bac107
1.243063266094776	-0.4771732507233039	0.8287762710885597	-0.5757564102270432	0.5647798405396474	0.6712191181798116	Bac108
5.275612024614249	-0.5857727067278036	0.5273616526408968	-1.110760905337729	0.26667127841473187	0.431421073456294	Bac11
2.0874446968984808	-2.576413767094385	1.6124448076163427	-1.5978306698776659	0.11008066699184163	0.2299786364739951	Bac110
0.19511443650434535	-0.35753964167943664	2.397317604086038	-0.1491415409748123	0.88144194746877	NA	Bac111
4.1796192714639275	-0.14983143037991845	0.5834996941912465	-0.25678064936707584	0.797348108891427	0.8554880751647603	Bac113
11.671688281785187	-0.30247599281864435	0.5787460152949918	-0.5226403030428982	0.6012245882619274	0.7090778540951739	Bac114
1.3659171547716171	-0.13572423891517965	1.3104778985234196	-0.10356850662503113	0.9175117812948932	0.9265069948369999	Bac115
6.099745868042438	0.10723968466411414	0.5929869609060692	0.18084661507607958	0.8564879727750742	0.8910935474326529	Bac118
7.839589137010812	-0.6075937391685787	0.6173213427470577	-0.984242236733317	0.3249964232071697	0.4742141995222615	Bac119
31.643072186884815	-0.9709600577471709	0.6382111611710849	-1.5213774324559113	0.1281651488034292	0.25884333974025897	Bac12
23.190714964663584	-0.7007015535881969	0.48388394489496084	-1.4480777074352027	0.1475953193417457	0.2827540263671588	Bac122
13.140406739777557	-0.6415071151652618	0.5133850044967775	-1.2495634066952739	0.21145907759142557	0.3727580945490532	Bac123
28.531948862827832	-0.36794998649604943	0.4634323338282769	-0.7939670144647091	0.42721463447101654	0.5546610170232946	Bac124
0.0544235441785701	-0.7713064890725283	2.4316762252907695	-0.3171912777904051	0.7510984677978887	NA	Bac125
3.1428498786283448	-0.643764864110445	0.7240302457227493	-0.889140844479251	0.37392739012316323	0.5090024825905614	Bac128
0.49156165444144323	-1.3542661909520224	1.1280366678405276	-1.2005515685448243	0.22992519749125953	NA	Bac129
19.634031751743457	-0.40482878871290295	0.5050402064851154	-0.801577346743054	0.42279748585579907	0.551242291685409	Bac13
0.22811060200614774	-0.633666658703775	2.432762470793487	-0.2604720626494595	0.7944996625290541	NA	Bac131
6.890173906436204	0.25994265928816773	0.6755994383975629	0.3847585485043018	0.7004163127100088	0.7769624731411785	Bac132
1.094705518397774	-1.0766052057365096	1.14653570090638	-0.9390071367907797	0.3477270801465588	0.4838332509415894	Bac133
9.624385973181093	-0.09402721633897713	0.47483430517426295	-0.19802111034178416	0.8430285471028257	0.8830366815416039	Bac135
7.092879977932496	-0.6364092327985811	0.6632327751574549	-0.9595563678943554	0.33727853749587344	0.4758861556448626	Bac136
32.409190224327936	-0.3342916300449207	0.4283577301029032	-0.7804029355665293	0.4351537405165099	0.5620447814022782	Bac137
27.13276052594245	-0.5898608675848235	0.5918984706608014	-0.9965575125178089	0.3189793377649943	0.4742141995222615	Bac138
0.09172041622271458	0.41248682957930904	2.4309531244322056	0.16968111208464912	0.865260929027161	NA	Bac139
3.7176590613796514	-0.14178895037267006	0.5745822941857139	-0.24676874280230024	0.8050872021286963	0.8602956403375992	Bac140
42.93192661205462	-0.9171039914738619	0.4765001260906118	-1.9246668390166686	0.05427105163400721	0.13101371058522052	Bac141
14.593253274044983	-0.48004077482463026	0.48760970085218097	-0.9844774908819026	0.3248807935018512	0.4742141995222615	Bac146
0.3810693102413317	-1.1501845199435063	1.5647111712467467	-0.7350778476433133	0.46229208469089905	NA	Bac147
0.5168197074116297	-1.5968319549114467	2.2592368627699417	-0.706801478510601	0.4796898556458308	NA	Bac149
0.8860336612234111	0.19731156470535677	1.172667567429922	0.16825873775787525	0.8663797335043146	0.8941330684664262	Bac15
0.11877897267319873	0.38496426463457617	2.4310876100534005	0.15835063411232644	0.8741805111598329	NA	Bac151
0.951666605497483	-2.4869832314184865	1.8739956032941607	-1.3271019564009645	0.18447495825972865	0.3353103653073891	Bac153
0.4078055148738162	-1.6046985530640852	2.301144225820343	-0.697348099722876	0.48558497320321853	NA	Bac154
0.893473563679977	0.6384359097656861	0.9114683143601745	0.7004477278114165	0.483647738726662	0.6001893625162191	Bac155
0.3206367467112238	-1.4562899377993326	1.265253158095046	-1.1509870008875616	0.24973758340262084	NA	Bac156
7.978698194452142	-0.8822343024332484	0.584243171549468	-1.510046407720059	0.13103158292502498	0.26291402028462807	Bac157
0.30524270640093754	-1.025433904417069	2.4296290596902783	-0.4220536877130488	0.6729858306672979	NA	Bac158
3.184168856678826	-0.7406821475301762	0.7599268809464526	-0.9746755458994846	0.3297212268012099	0.4742141995222615	Bac159
0.1343048951832607	-0.6336666678552071	2.432762470703754	-0.26047206642081205	0.7944996596203155	NA	Bac16
1.092657859765332	-2.7415609525548428	1.6260655519855904	-1.6860088753538378	0.09179408989281232	0.20260266983485006	Bac160
0.048746400904661785	-0.7451799360280721	2.431906979232546	-0.3064179437748206	0.759286447854913	NA	Bac164
6.0400398079803015	-0.6144251105934416	0.5181497173150201	-1.185806129119026	0.2356988704909877	0.3958203857701913	Bac167
24.25625813737114	0.2251383108465043	0.5926756679189914	0.3798676460550711	0.7040436649822976	0.7769624731411785	Bac168
0.1881503029431516	-0.19890610905666056	1.999325825194709	-0.09948659020462042	0.9207519345438222	NA	Bac170
11.273878514176786	-0.4990474623349365	0.4389368589621739	-1.136945900407837	0.25556090220395394	0.4222904747648223	Bac171
18.276973772020842	-0.6117073429528463	0.4554464972944343	-1.3430937477545106	0.17924161982748507	0.32967655075412433	Bac173
0.4155732861458468	-1.1125451902876198	1.436115972549731	-0.7746903533928167	0.4385226525668952	NA	Bac175
0.19738766595919457	-0.3965561744195203	1.9975810159406029	-0.1985181933824063	0.8426396517444111	NA	Bac176
0.4268529545906243	1.6054929540582132	1.6720000443215868	0.9602230331935435	0.33694297686872116	NA	Bac177
27.18491773040461	-0.20805375346051716	0.5179040804507238	-0.4017225608252618	0.687888218967281	0.7714919560766464	Bac178
7.5387272970419374	-4.144617374751971	0.9247448440968865	-4.481903739403531	7.398011384726559e-6	3.361743408647804e-5	Bac179
0.2606082026092556	-0.9261873977849608	2.43038761191424	-0.38108628979369685	0.7031392203742353	NA	Bac18
5.029696765997617	-0.7640791203341238	0.5364527622111254	-1.4243176177987769	0.15435454980510316	0.2908265603035175	Bac180
0.012425661575318074	-0.11149184531663209	2.4339512870296374	-0.045806933733951304	0.9634641322932642	NA	Bac181
0.12330667138964074	-1.0786825542247844	1.6608972348896085	-0.6494577337871714	0.5160425573295326	NA	Bac182
13.54038040687691	-1.5414865304020495	0.7110131865769648	-2.1680139827268716	0.03015762267755241	0.07766982342010456	Bac183
10.877531717561018	-1.0729236959303676	0.6309707919087639	-1.7004332208225392	0.08904946748191535	0.1993933728399409	Bac186
12.806690362042259	-0.550830351130996	0.5086267306886477	-1.082975624158029	0.2788192427553184	0.44503676808244946	Bac187
0.0	0.0	0.0	0.0	1.0	NA	Bac188
16.0097259013284	-0.5050536531319723	0.49363917104370353	-1.023123128709853	0.30624963265822547	0.46616323394774223	Bac19
0.3047489798470283	-1.208627888164209	2.293245976473446	-0.5270380502412729	0.5981671652987117	NA	Bac190
8.7931477426891	-0.21028098833690814	0.6191431921754403	-0.3396322385425227	0.7341334969481504	0.8015803906607013	Bac191
0.2686097903665214	-1.0254338545912745	2.4296290601390114	-0.4220536671275261	0.6729858456925467	NA	Bac195
0.08485990616898775	0.06173873374481212	2.4328507482091175	0.025377115217717138	0.9797541646395564	NA	Bac196
10.463292935325686	-0.5884948368098813	0.5720853774135676	-1.0286835847308349	0.30362838610222487	0.46446124408706674	Bac197
0.8055159024711992	-2.754133909841097	1.9386943062915147	-1.4206127809336886	0.15542936081105832	0.2910768029734365	Bac198
0.7306897462927797	-1.3438764649771333	1.7315158707351705	-0.7761271425173525	0.43767391894822755	0.5620447814022782	Bac199
16.951721015009685	-0.3111314132050871	0.532280881635262	-0.584524870119768	0.5588672378559263	0.6693409941762838	Bac203
6.032142825239676	-0.5779958248986056	0.6173900283975615	-0.9361923554204402	0.3491741584465192	0.4838332509415894	Bac204
0.6554145723884008	-1.1982241561775695	1.897799403248376	-0.631375557462303	0.527794993949019	0.642081311536405	Bac205
7.451764397756641	-0.4587626424687461	0.5642984524816401	-0.8129787357226047	0.41623024993874425	0.5449794374197965	Bac206
2.421287227318664	0.0072004650981055615	0.5624310691242292	0.01280239569502717	0.9897854451642741	0.9929279099464549	Bac207
0.3692014302558303	-1.2605029617963064	1.287950457444117	-0.9786890128504795	0.3277336624935205	NA	Bac208
0.40291468554978205	-1.429029110433652	2.42701234944114	-0.5888017466259329	0.5559942740448331	NA	Bac209
0.0	0.0	0.0	0.0	1.0	NA	Bac21
3.9844998181814226	-1.068425380756467	0.6791765389425275	-1.5731187982729746	0.11569131294394469	0.23992359529985843	Bac210
0.3366361595466644	-0.42585113682434195	1.522533199940316	-0.2796990810059416	0.7797083834504875	NA	Bac211
0.012425661575318074	-0.11149184531663209	2.4339512870296374	-0.045806933733951304	0.9634641322932642	NA	Bac212
1.6377917849544343	-2.151635120258444	1.3978914941746117	-1.5392003808771166	0.12375538467877892	0.2525205639153444	Bac214
1.4255229004334002	-0.1904151991725731	0.8830995609554584	-0.215621440199286	0.8292828420408497	0.8715931911245665	Bac215
0.37324038813272575	-0.19242921743632022	1.8973160830628233	-0.1014218027002033	0.9192156296595627	NA	Bac216
0.15262135320046877	-0.6336666699582106	2.4327624706816517	-0.26047206728762934	0.7944996589517636	NA	Bac219
0.8110280438822286	-0.3675233742389965	1.1301717837426806	-0.32519248801443695	0.7450353936869405	0.8106194952438894	Bac22
0.22811060200614774	-0.633666658703775	2.432762470793487	-0.2604720626494595	0.7944996625290541	NA	Bac221
1.0370493194060262	-0.14855068173963934	0.9659066370863856	-0.1537940376802212	0.8777721351482317	0.8981178468900781	Bac222
0.030248393038616938	-0.3110774795576745	2.4325697056118423	-0.1278801914041892	0.8982437872944821	NA	Bac223
12.463599608557724	-0.9530651434126878	0.49211296119182774	-1.9366796214927957	0.05278451831853176	0.1284284737041442	Bac226
2.5872209965851645	-0.3668247234367911	0.6343444239874396	-0.5782737414651798	0.563079319700315	0.6712191181798116	Bac227
65.89909973617658	-1.1879449364066874	0.6023557353575715	-1.9721650623970526	0.04859076660909246	0.11916307049372675	Bac228
16.689963118983815	-0.4131201958440724	0.533080307884601	-0.7749680296453624	0.4383585511907736	0.5620447814022782	Bac229
1.1677563872879222	-0.45181310260602214	0.9204151716768654	-0.4908796774643371	0.6235115515157332	0.7260300413815133	Bac23
0.15262135320046877	-0.6336666699582106	2.4327624706816517	-0.26047206728762934	0.7944996589517636	NA	Bac233
3.4420113920689612	0.7745473048063454	0.7458823745474469	1.0384308990761317	0.2990694903862562	0.4620623626467658	Bac234
0.5824685795412156	-1.1001654131326772	1.3219574518301944	-0.8322245255394147	0.4052822228889538	0.5374772827153936	Bac235
3.8456438164237623	-0.8576081963148989	0.7506004450667585	-1.14256286677078	0.25322013032422397	0.42067215199024305	Bac238
1.683517753759128	-0.1854186438346767	0.7896633505348878	-0.2348072044993366	0.8143583756793892	0.861769650975792	Bac239
9.78083517003355	0.1034175255562111	0.6291546432700678	0.16437536726851845	0.8694356538765953	0.8941330684664262	Bac24
0.06574539223263898	0.061738733744812084	2.4328507482091175	0.025377115217717124	0.9797541646395564	NA	Bac240
0.22866185968551875	1.2101986576079857	1.9003718435436354	0.6368220312880034	0.5242407738326825	NA	Bac241
7.6178807391275996	-0.8667749899977122	0.6578465286926293	-1.3175945333637265	0.1876394165741385	0.3390677176690573	Bac242
3.973616052975635	-0.42098606657520093	0.6047747927800905	-0.6961038581650687	0.4863637905150036	0.6011456450765444	Bac243
0.4519887133708771	-1.8051794861422206	2.2856337306296095	-0.7897938597733937	0.4296481655801128	NA	Bac246
35.2821514307722	-0.07464030505252857	0.4595830688522307	-0.1624087354630716	0.8709839922601756	0.8941330684664262	Bac25
132.53455338450485	-9.946003610566896	1.21562028946271	-8.181834160536193	2.7955562197419063e-16	6.1701919421446365e-15	Bac250
0.408662160784236	-1.1944583702472098	1.7024833036294085	-0.7015977000777777	0.48293008634661455	NA	Bac251
5.329519331578511	-0.7103594289852985	0.6342272216630886	-1.1200393245855544	0.26269700474271196	0.42722828666051577	Bac252
0.38556433588350736	-0.3238975057185752	1.094272168121646	-0.2959935518368852	0.7672350057689348	NA	Bac253
6.4359334694154615	-0.37408911811672924	0.5232143034609763	-0.7149825905794077	0.47461980089435424	0.5913609615982075	Bac254
2.3923434374724097	-0.9630060458555649	0.6264225101375424	-1.5373107292139288	0.1242172353240529	0.2525205639153444	Bac255
0.40291468554978205	-1.429029110433652	2.42701234944114	-0.5888017466259329	0.5559942740448331	NA	Bac256
5.686381649902966	-1.1798437236644888	0.6158333502956486	-1.9158490248994646	0.05538431547479555	0.13164425755162942	Bac259
0.03249760060310786	-0.6183455814505575	2.432859064515851	-0.25416416037795053	0.7993687374779878	NA	Bac26
17.021899582995992	-0.19916879450236907	0.5217802896763167	-0.3817100769098086	0.7026764247702901	0.7769624731411785	Bac262
5.03496608731582	-0.006358847411794335	0.7174059863755097	-0.008863666504820525	0.9929279099464549	0.9929279099464549	Bac266
0.18669288496532155	-0.954096544313955	2.3731719520832715	-0.4020343083342142	0.6876587772367331	NA	Bac268
0.537495769518176	-0.7293426913221299	1.423500046611062	-0.5123587407380013	0.608399961420223	0.7148121219728095	Bac269
2.0773108736038868	-0.4321833850234811	0.7171976249461391	-0.6026001341763194	0.5467747310895226	0.6599741871354002	Bac27
1.0396681379503658	-0.7807553235606463	0.8061290388375608	-0.9685240029145911	0.332782737358872	0.4742141995222615	Bac270
3.6742871532512598	-0.4417665005258392	0.7157815168826659	-0.6171806481533604	0.5371155785283097	0.650857701040187	Bac271
0.531916741195458	-1.6870996407523797	1.8132393797037825	-0.9304340395629344	0.3521464010494099	0.48577338359048067	Bac274
14.689647920912414	-0.29583325202884136	0.4938527321910202	-0.5990313159073792	0.5491520017882324	0.6602644690761238	Bac275
9.977610625474654	-0.5363112836875764	0.5353262795700735	-1.0018400070295335	0.3164208714166833	0.4742141995222615	Bac276
0.34922245978205757	-0.00281698998774298	1.123446992542536	-0.002507452515732577	0.9979993444472105	NA	Bac28
1.9135926322875818	0.6063773356876582	0.7972506194833293	0.7605855936250391	0.4469046272244621	0.5682861309150568	Bac281
0.4955450769245133	-1.9230226325130866	1.9158078873484874	-1.0037659022140182	0.3154914633139506	NA	Bac282
0.30524270640093754	-1.025433904417069	2.4296290596902783	-0.4220536877130488	0.6729858306672979	NA	Bac283
2.6271938669651758	-3.584021132466939	1.9261134105501236	-1.8607529093747885	0.0627790783133946	0.14585515187096942	Bac284
0.13731574245746955	-0.7343162914220535	2.042401174514028	-0.35953577611743087	0.7191943190275814	NA	Bac285
13.759201561973896	-0.37672095337711564	0.57316742198396	-0.6572616288503189	0.5110127044625901	0.6265989114243664	Bac287
9.046955710416173	0.08944856918604306	0.47033960407821873	0.19017868878243033	0.849169110244194	0.8864636995454591	Bac289
5.646138547722777	-1.4427911688518014	0.6566924465884665	-2.1970576581886045	0.028016328597207252	0.07399184219262428	Bac29
0.05189426322815165	-0.7675450361101376	2.4317091997427553	-0.3156401415890248	0.7522756655195817	NA	Bac290
0.012425661575318074	-0.11149184531663209	2.4339512870296374	-0.045806933733951304	0.9634641322932642	NA	Bac293
4.504650142449918	-0.7151576563831704	0.5849944287060413	-1.2225033629209756	0.2215173329400946	0.3845441341488159	Bac294
3.076738721920578	-0.7136117189572478	0.6635029708388832	-1.0755215128200721	0.28214130593694037	0.4462153899659272	Bac296
0.08748421352966695	-0.32793732739107717	2.4301742045482926	-0.13494395865831862	0.8926561834099124	NA	Bac3
38.093817215963085	-0.2994156959652115	0.6249842323372108	-0.47907719982871744	0.6318837092406699	0.7260300413815133	Bac30
0.3370692955826281	-0.633666736070004	2.432762469982614	-0.26047209453807985	0.7944996379342547	NA	Bac303
6.314467332685707	-0.36090793013572464	0.8363610695157476	-0.43152167561396665	0.6660890954429762	0.7539250201167753	Bac304
0.8014582642965095	0.0833533374294627	0.9782284904631625	0.0852084541005316	0.9320956696270475	0.9381679541197319	Bac305
0.6257538434583351	-1.5220753141069447	2.048171946952368	-0.7431384441974012	0.4573978664318906	0.5767607602656015	Bac307
0.47592606423179507	-2.0852063559101284	2.3208713419736586	-0.8984584014626499	0.36894121301831595	NA	Bac31
5.209555042795836	-0.6034292433513041	0.6240065391033113	-0.9670239100673905	0.3335320810232912	0.4742141995222615	Bac311
4.471858387610767	-0.519461939338934	0.6277870524424759	-0.8274492717202578	0.4079824633824634	0.5387460734409453	Bac313
0.07817105380795705	0.20058630463353133	2.4320499829516953	0.0824762262451887	0.9342680226232103	NA	Bac32
8.926430673602878	-0.4103279780168778	0.6146693610420677	-0.6675588601345548	0.5044152258104804	0.6209733257985595	Bac35
0.45974592066483244	1.028417596602645	1.6755355203421223	0.6137844194390195	0.5393577943621388	NA	Bac37
4.2816478966669935	-0.30684181104756014	0.6975142612221205	-0.4399075805417083	0.6600040453014069	0.7497840073460835	Bac38
0.8080042373531255	-2.18126739922335	2.0331758212206235	-1.0728375659680132	0.2833440026174	0.4462153899659272	Bac39
7.19149470136142	-0.2203236187625968	0.6147444960348921	-0.358398684630259	0.720044975879781	0.7917932297041007	Bac4
4.055272827588291	-0.8909151759306992	0.5946801030214629	-1.4981418941110003	0.13409638844866276	0.2656140001963897	Bac41
0.7260215254517133	-2.223708976427379	2.2453763968645992	-0.9903502056637471	0.32200297492490704	0.4742141995222615	Bac43
3.8265881979902243	-0.14019309691022555	0.5750681809074919	-0.24378517463614918	0.8073972029058374	0.8602956403375992	Bac44
9.229579208312858	0.7985182114263744	0.3356324687318178	2.3791447068382965	0.01735286233074499	0.04787530768035895	Bac46
8.538374124604681	-0.6657449577555126	0.6221201296711396	-1.0701228364165511	0.28456402123353153	0.4462153899659272	Bac48
0.3112538022517927	-1.9694924356421573	1.8829152902753834	-1.0459803719338385	0.29557009467608525	NA	Bac5
0.7728092086519514	-2.2337100138951214	1.8772781414399573	-1.189866309412075	0.23409894210815643	0.39528182028098546	Bac50
7.759524079100695	-0.08084148983146809	0.5892580096848282	-0.13719200842888354	0.8908790275332474	0.9055316431176759	Bac53
0.0979996060652778	-0.7922335369706266	2.43149425814645	-0.32582167706805665	0.7445592769947011	NA	Bac55
1.6297677449109207	0.362556735873647	1.0492250617871623	0.3455471557799984	0.729683065635164	0.7995463378768287	Bac56
1.774067094240777	0.35798939048247513	1.1281238909957183	0.3173316276162738	0.75099198118315	0.8142334111775206	Bac57
1.2730649767545492	-1.9304776060836828	1.3543127469239344	-1.4254296952224648	0.15403302929716534	0.2908265603035175	Bac60
5.910362776882553	0.38202822444590184	0.7877551341927521	0.484958088959183	0.6277060754831916	0.7260300413815133	Bac61
0.09749280180932357	-1.047146273988393	2.4294696924825456	-0.4310184552738215	0.6664549514491571	NA	Bac62
8.127363089604689	-0.32745957929053215	0.6481778345426504	-0.505200211793088	0.6134182215823607	0.7179781457157176	Bac63
6.062013440986795	-1.176748275247826	0.5923873538717935	-1.9864507024950804	0.0469833015290716	0.11614272137986499	Bac64
0.017822731463298862	-0.48692213353115416	2.433728141596496	-0.2000725246213158	0.8414238610866068	NA	Bac67
0.44181317182760493	-1.5201006976465956	1.8068579653503511	-0.8412950695611798	0.4001826520713966	NA	Bac69
0.5214740136031897	-2.149054550207891	1.3885061497271731	-1.547745791857067	0.12168351240112654	NA	Bac7
0.1688701535020227	-0.792233543962785	2.4314942580512904	-0.3258216799564712	0.7445592748092189	NA	Bac70
5.208981877257308	-1.3087763289429173	0.571093393890925	-2.291702798426845	0.021922798832911185	0.059948184419199614	Bac71
10.260669772142219	-0.7970942077686067	0.47730924316044976	-1.6699743807405376	0.09492443250893218	0.2060417274774308	Bac72
7.2095330664985635	-0.45916564787997144	0.6108908897316002	-0.7516328293612458	0.4522718950166516	0.5727541621317432	Bac73
1.1890281413137005	-0.7087431542619518	0.8034190980672032	-0.882158708906703	0.3776909875852474	0.5118706805431642	Bac75
0.046344728079529045	0.2161360576125893	2.431964515180407	0.08887303094410322	0.9291828169088749	NA	Bac76
33.89021575055357	-0.48874569578026844	0.5198818620350216	-0.9401091506965178	0.3471615755086482	0.4838332509415894	Bac78
9.418655554145834	-0.27157941763793947	0.5599774082325292	-0.4849828111729229	0.6276885384880126	0.7260300413815133	Bac79
0.691961322628555	-1.1629618602454583	2.428657478937937	-0.478849681493179	0.6320455700052656	0.7260300413815133	Bac8
9.393258236940783	-0.4457690685512682	0.691023346064974	-0.6450853955798976	0.5188718475372075	0.6337209521304235	Bac80
3.344927925325737	-1.5460724595017348	0.6922703640900082	-2.233336193055227	0.025526782474834118	0.06919101565547144	Bac81
6.646533155033839	-4.2066732058228835	0.9542366174976916	-4.408417292614596	1.0412877023635e-5	4.531801408877767e-5	Bac83
0.01624880030155393	-0.4723218325952465	2.433829327123855	-0.19406530578436512	0.8461247471214334	NA	Bac84
9.510097129693326	-0.45759414751064953	0.5419997790240486	-0.8442699890664458	0.39851855225529165	0.5307854855469186	Bac87
1.7272420944735043	-0.7670703135073099	0.8952718827547651	-0.8568015239650139	0.39155458332600485	0.5237678192542662	Bac89
6.636508398268379	-0.8737364113093139	0.5872799029368095	-1.4877682804060242	0.13681201350347574	0.2658799507709057	Bac9
0.49672039237266913	-1.4290290566594448	2.427012349809666	-0.5888017243799826	0.5559942889696428	NA	Bac90
15.172101906670665	-0.6661408159887239	0.6252047363106567	-1.065476278890067	0.2866604544961407	0.4462153899659272	Bac92
0.7647073804998819	-0.7105229279727794	0.9598855511421746	-0.7402162967525902	0.4591687605997993	0.5767607602656015	Bac93
3.6837996457075857	-0.09030440977677838	0.6488795334730653	-0.13916976128593966	0.8893160029359729	0.9055316431176759	Bac94
4.394091890588244	-0.3415357794218183	0.6516192899874313	-0.5241339301487007	0.6001853905298467	0.7090778540951739	Bac96
0.021493404928892894	-0.014584871008916988	2.4333211407794963	-0.005993812639232992	0.9952176580697301	NA	Bac97
4.354904107779252	-1.387237899825207	0.6711399321444705	-2.0669875735044005	0.03873532489876939	0.09891913548528712	Bac99
118.80781974342791	-9.275700186987839	1.3208863686476673	-7.022330161893007	2.181981643960935e-12	3.0646923999269496e-11	MOB1
323.457278597213	-6.067949633812554	0.6037600352638482	-10.05026712501898	9.161873152951319e-24	4.0443125775170825e-22	MOB10
0.0534681943898966	-0.7784998868900309	2.4316133902363823	-0.3201577561695987	0.7488487447644112	NA	MOB100
0.06641666710731882	-0.22054665511736898	2.4305057759098707	-0.09074105369480406	0.92769834904143	NA	MOB101
0.5878885357270149	-1.9236925468755228	1.9387936916460424	-0.9922110615298636	0.32109457765801147	0.4742141995222615	MOB102
15.120556669334599	-1.5936255961177217	0.9836600839812011	-1.6200978590772803	0.10521125725591259	0.2226731403566917	MOB103
0.0534681943898966	-0.7784998868900309	2.4316133902363823	-0.3201577561695987	0.7488487447644112	NA	MOB106
14.657437968072244	-3.779606692815311	0.8541881194851461	-4.424794265569315	9.6534236242803e-6	4.2612969998608757e-5	MOB11
70.47471649501075	-8.942962421390805	1.3624830776151777	-6.563723666237469	5.2480418097641826e-11	5.591879031783215e-10	MOB110
16.822351691851505	-6.731869231326367	1.1093004416001484	-6.068571668118829	1.2905282494124079e-9	1.049403234390616e-8	MOB112
0.10324421069261677	-0.369421420791749	2.4310476312812326	-0.15195976254774293	0.8792186718493025	NA	MOB113
6.966400322308487	-1.253461567306458	1.029814823445734	-1.2171718048419693	0.22353885531356368	0.38588551001056526	MOB114
32.4426285058806	-8.04977016928751	1.1475937150130004	-7.014477392111127	2.308100438198866e-12	3.100882762623694e-11	MOB116
0.39611867183610133	-0.26916856031727454	1.9297841521849481	-0.13948117462386422	0.8890699309938104	NA	MOB119
0.7492885786162853	1.7513232365217628	1.9999598947814818	0.8756791779132724	0.3812044680269489	0.5121399157405531	MOB121
0.4040395026077181	-1.3752516075214518	2.2538886609128466	-0.6101683864740957	0.5417502691506804	NA	MOB123
7.334340074409435	-3.8210718186672925	0.755674474896452	-5.056505076727493	4.2700950830248057e-7	2.443443297508639e-6	MOB128
0.08175080576372387	-0.6336666667619855	2.432762470715556	-0.26047206597017386	0.7944996599678801	NA	MOB130
2.29908411279089	-3.2055083073724884	0.9748322480685488	-3.2882665850700104	0.001008063360687556	0.0034999053758702787	MOB134
3.3321645727553966	-4.022068178384507	2.3911019977088435	-1.6820981213843897	0.09254981461829039	0.20282193416348743	MOB140
0.4441663029531323	-1.4957827949616518	2.261249962085816	-0.661484939763986	0.5083013696608791	NA	MOB141
380.68710885039764	-9.946087615559545	0.9862087008493983	-10.085175284899854	6.4250406562667794e-24	3.3088959379773916e-22	MOB143
0.0	0.0	0.0	0.0	1.0	NA	MOB144
0.45777625498749797	-2.057234806419286	2.3299264294529527	-0.8829612731172406	0.377257195897168	NA	MOB145
0.3193194998989425	0.4604475275637465	1.926971436606722	0.23894880786326872	0.8111452783350981	NA	MOB149
109.40987785880029	-9.723017881452988	1.1689990975824756	-8.31738698649167	8.992377006257729e-17	2.3155370791113654e-15	MOB15
0.9157281192028126	-2.5734196231622204	2.418827122493939	-1.063912174305739	0.2873684873890599	0.4462153899659272	MOB150
5.499054090038137	-5.544637363067605	1.1728251526827562	-4.727590766948195	2.271995102966662e-6	1.1508958800273748e-5	MOB153
74.15876317669277	-9.21615717595333	1.1313034248579383	-8.14649454200197	3.7462565491424764e-16	7.717288491233502e-15	MOB154
0.17592890060157035	-0.9886647832444102	2.429904258577358	-0.4068739662291247	0.6841005576920836	NA	MOB162
0.017822731463298862	-0.48692213353115416	2.433728141596496	-0.2000725246213158	0.8414238610866068	NA	MOB163
10.91874888464822	-5.979361456965889	1.8917021511581895	-3.1608366323974635	0.0015731670486784652	0.0052837893265396275	MOB168
1.4895110852421163	-3.2796286023092582	1.512783727203747	-2.1679428085674712	0.030163038221399825	0.07766982342010456	MOB17
0.3370692955826281	-0.633666736070004	2.432762469982614	-0.26047209453807985	0.7944996379342547	NA	MOB171
0.06735361304025018	0.28113593090071887	2.431616025443744	0.11561690988996282	0.9079561606297779	NA	MOB177
0.10635331109788065	0.28113593076834326	2.4316160254427595	0.11561690983557027	0.9079561606728878	NA	MOB178
0.035645462926597725	-0.6421631585876245	2.432709315797578	-0.2639703619407104	0.7918027567070152	NA	MOB179
2.823785360835915	2.917867022367549	1.1338786931322722	2.5733502534624013	0.010071922169919593	0.029086205144907982	MOB180
0.21505736132793327	-1.1186819116853226	2.428960636930489	-0.4605599179651657	0.645114374031212	NA	MOB183
0.08723879716153188	0.2811359309007186	2.431616025443745	0.11561690988996265	0.907956160629778	NA	MOB187
64.52465373303357	-8.875153220993822	1.3103387065860637	-6.773174887061842	1.2598650085704117e-11	1.622076198534405e-10	MOB189
18.785996298359954	2.804666521343178	0.8194167861745087	3.42275941702014	6.198891574658077e-4	0.0022016752834130415	MOB190
1.0683494724032814	-2.7298964911734904	2.4174275549012774	-1.1292567943302747	0.258789521382824	0.4253508622728331	MOB191
2.7684605525314208	-3.8057472100563468	2.382296175899076	-1.5975122021173802	0.11015157992929216	0.2299786364739951	MOB192
0.04298680985778579	0.18357548752197497	2.4321444274844874	0.07547885949842337	0.9398337172249308	NA	MOB196
82.23553530744078	-8.620353932228385	0.9481398597920404	-9.091859015524486	9.735988719883259e-20	3.7605256430549085e-18	MOB198
52.0514728088775	-8.540638972597202	1.3577989927645147	-6.290061355258657	3.1734052050941805e-10	2.884065318747358e-9	MOB199
0.34325202335644944	-1.770601017904576	2.4248471634560085	-0.7301907702013806	0.46527358351663745	NA	MOB200
17.922290807021582	-7.165998713090825	1.2651704134246304	-5.664058088185542	1.4783432438988572e-8	1.0151290274772152e-7	MOB202
25.071805274570995	-7.630114785425507	1.2500991167964037	-6.103607852294946	1.037005353234932e-9	8.660396058097135e-9	MOB205
0.017822731463298862	-0.48692213353115416	2.433728141596496	-0.2000725246213158	0.8414238610866068	NA	MOB21
0.5433391139635182	0.4124867059752342	2.430953122877551	0.16968106134723335	0.8652609689311556	0.8941330684664262	MOB212
46.94316931200866	-8.365402097390868	1.398536054946394	-5.9815419615417165	2.2103509863785433e-9	1.6658498897340728e-8	MOB213
0.06243600812746449	-0.8375628942472575	2.431108682825716	-0.3445189020812286	0.7304560833128604	NA	MOB214
31.34721618253721	-3.789423268394701	0.9150429405019893	-4.141251848045335	3.454154384835809e-5	1.4231116065523534e-4	MOB215
4.105187655546311	4.710816846596596	1.5899619205456796	2.9628488492226466	0.0030480620365429577	0.00970980586898736	MOB217
0.09220493619088634	0.47548864851360295	2.4306537265547363	0.1956217141581789	0.8449062632032847	NA	MOB218
165.59207736161858	-10.170119063611496	1.3027879156024544	-7.8064272333294396	5.883191148966206e-15	1.0099478139058655e-13	MOB22
60.59934406160475	-8.28989816457678	1.0781093870167446	-7.689292259587779	1.479511495967497e-14	2.4061529065997715e-13	MOB221
26.88139777195303	-7.420468922178682	1.6033279282743087	-4.628166697105732	3.6891701623109083e-6	1.7811774689907353e-5	MOB224
12.238030470063084	-4.640746068408289	1.8481825166698664	-2.5109782321554377	0.01203971207984955	0.033879380711734866	MOB225
0.3374149492143981	0.4124866327157655	2.4309531220032365	0.1696810312721515	0.865260992584625	NA	MOB226
107.97130248291408	-4.468429586843207	0.819049954881894	-5.455625215787417	4.880082755235868e-8	3.015891142735766e-7	MOB227
10.999512097595343	-6.279817437266502	1.1835799329899097	-5.305782281558874	1.1219080192814999e-7	6.797442705058499e-7	MOB23
0.017822731463298862	-0.48692213353115416	2.433728141596496	-0.2000725246213158	0.8414238610866068	NA	MOB233
0.2812009328650511	1.4344237958111756	1.8675817098358376	0.7680648125094687	0.4424486805764041	NA	MOB24
2.177934453335865	-3.5383449938619655	2.372062776697328	-1.49167426284918	0.13578455937099188	0.2658799507709057	MOB240
6.912810668618754	-4.835033524624009	2.402173643576745	-2.012774362732924	0.044138372168967314	0.10998997580815241	MOB243
0.9895961143007168	1.370887625105558	1.41807340084673	0.9667254348660673	0.3336813085524775	0.4742141995222615	MOB245
0.4667143122929436	1.753444658157357	2.271744922749371	0.7718492690787031	0.4402037069267324	NA	MOB25
0.09957353722702274	-0.8057209987551466	2.4313783155400244	-0.3313844635388183	0.7403540988611607	NA	MOB251
6.352619886311121	-5.716344078281549	1.1580607113983272	-4.936135059257141	7.968593430672737e-7	4.319816438733116e-6	MOB252
5.574297362346308	-5.4151070589485055	1.4393076700794036	-3.7622998692487792	1.68358016202758e-4	6.585142659069902e-4	MOB255
80.50954605032625	-9.057696663755177	1.4310974731532267	-6.329196182422003	2.4644161708560076e-10	2.379701864982832e-9	MOB258
14.856252838077818	-5.250580748198326	1.1483963138034434	-4.572098225227325	4.828644762827331e-6	2.260683684414614e-5	MOB26
45.35746115477888	0.17239840199822296	0.7267368550408038	0.23722259412389837	0.8124841089396898	0.861769650975792	MOB265
57.495589051128924	-7.038637104998308	1.6391021904112557	-4.294202732553419	1.7532221581960663e-5	7.524245095591452e-5	MOB268
0.08397311784158012	0.06173873374481208	2.4328507482091175	0.02537711521771712	0.9797541646395564	NA	MOB269
1.7115353678945047	3.239542143373848	1.1692927929844972	2.770514077235742	0.005596788086792613	0.01695497567469527	MOB271
0.021493404928892894	-0.014584871008916988	2.4333211407794963	-0.005993812639232992	0.9952176580697301	NA	MOB273
2.0753472866067577	-0.7616373844982827	1.655139729425632	-0.46016500658985854	0.6453977864699272	0.7358963690745665	MOB278
4.645397759840643	-5.229294302530328	1.4775441575053305	-3.539179709768818	4.0137250954921325e-4	0.0014591071229494929	MOB28
6.8386818268411975	-5.804389420635055	1.2504142715691209	-4.641973106521919	3.4509778633103833e-6	1.7199228383272715e-5	MOB282
27.813228158909546	-5.267862748805163	0.7972898359104906	-6.6072117209287615	3.9162577815941126e-11	4.3218701946877887e-10	MOB287
0.06735361304025018	0.28113593090071887	2.431616025443744	0.11561690988996282	0.9079561606297779	NA	MOB290
0.18868719454351707	-1.3410754968172396	2.4275243680365866	-0.5524457403910301	0.5806429997183191	NA	MOB294
42.403540872437055	-6.935939227012212	0.8212052792438042	-8.446048025165009	3.0132977265288596e-17	8.464627249976524e-16	MOB3
0.5038387070494807	1.738292553252781	2.415703480392387	0.7195802661055185	0.47178346582184527	NA	MOB30
0.3370692955826281	-0.633666736070004	2.432762469982614	-0.26047209453807985	0.7944996379342547	NA	MOB306
0.1552640436947756	-0.5361307205564838	2.4284567638062056	-0.22077013210487936	0.8252714208975832	NA	MOB307
2.301783043595543	-4.252130677235969	1.3484747871422604	-3.1532889734240026	0.0016144190605948722	0.005364037523911995	MOB309
0.22811060200614774	-0.633666658703775	2.432762470793487	-0.2604720626494595	0.7944996625290541	NA	MOB316
0.04586020811135729	0.06173873374481231	2.4328507482091175	0.025377115217717218	0.9797541646395563	NA	MOB319
0.08371658742851353	-0.7262117382891001	2.429532526086391	-0.29891007034958994	0.7650086631695293	NA	MOB32
11.912718576806963	-6.177906110908278	1.2276722762420031	-5.032211144996539	4.848548246080162e-7	2.724002560070491e-6	MOB320
7.073931756728044	-4.865659910079824	2.402059076355254	-2.025620417905248	0.042803697553478494	0.10753124019532402	MOB322
0.0	0.0	0.0	0.0	1.0	NA	MOB331
0.012425661575318074	-0.11149184531663209	2.4339512870296374	-0.045806933733951304	0.9634641322932642	NA	MOB332
27.46017156235759	-7.590143437196211	0.9179182405805658	-8.268866552205772	1.3523853950354177e-16	3.214516054353416e-15	MOB334
0.22811060200614774	-0.633666658703775	2.432762470793487	-0.2604720626494595	0.7944996625290541	NA	MOB336
0.01624880030155393	-0.4723218325952465	2.433829327123855	-0.19406530578436512	0.8461247471214334	NA	MOB339
0.22811060200614774	-0.633666658703775	2.432762470793487	-0.2604720626494595	0.7944996625290541	NA	MOB340
0.1977147199524576	-0.7607567245251379	2.4268577476068134	-0.3134739666036625	0.7539205963479265	NA	MOB341
0.09259828805558629	-1.0018880952165568	2.4298045124811707	-0.4123327988198889	0.6800955115393117	NA	MOB354
1.8592002122392146	-3.340270703947969	2.0395674883485917	-1.637734825167535	0.10147702256088119	0.21732379235043112	MOB355
0.2519193535247404	0.7911442510329393	2.4285314873688515	0.3257706375839871	0.7445978956944967	NA	MOB356
0.048746400904661785	-0.7451799360280721	2.431906979232546	-0.3064179437748206	0.759286447854913	NA	MOB357
0.48969064878309687	-1.0254341501894875	2.4296290574768524	-0.42205378925390014	0.6729857565532451	NA	MOB359
0.47703320672145033	-1.1826685236328691	2.428525406627386	-0.4869903853611726	0.6262651444975189	NA	MOB36
20.281507109770637	-5.262275471138446	1.250947633159892	-4.2066313022599875	2.5920550963766597e-5	1.0823581415951186e-4	MOB360
20.32261983641575	-7.3706845136885795	1.2224508382298174	-6.029432254602382	1.6453666896604246e-9	1.2710457677626779e-8	MOB364
0.22811060200614774	-0.633666658703775	2.432762470793487	-0.2604720626494595	0.7944996625290541	NA	MOB365
0.012425661575318074	-0.11149184531663209	2.4339512870296374	-0.045806933733951304	0.9634641322932642	NA	MOB37
0.012425661575318074	-0.11149184531663209	2.4339512870296374	-0.045806933733951304	0.9634641322932642	NA	MOB371
0.15262135320046877	-0.6336666699582106	2.4327624706816517	-0.26047206728762934	0.7944996589517636	NA	MOB372
30.859118729153288	-7.96800980217184	1.196309770093649	-6.660490452692778	2.729152971217282e-11	3.1233639559486673e-10	MOB379
2.0888669296170845	-3.6974595392688396	2.069091486982346	-1.7869966420196226	0.07393803130556158	0.16971699809977278	MOB38
0.7631067660023438	-2.3838959826666932	2.4207132222132617	-0.9847907471200135	0.32472686657623406	0.4742141995222615	MOB385
86.5238313332663	3.3843518935641117	1.1630629910596413	2.9098612195378193	0.0036158927704300547	0.011401131286355988	MOB388
72.97831195417835	-8.984631535170145	1.3705331210426455	-6.555574175642691	5.542818890118219e-11	5.709103456821766e-10	MOB39
0.15269897550806472	-1.2671189047263183	2.4279786350909562	-0.5218822301040758	0.6017523314721	NA	MOB390
101.7400392691861	-1.5071109069854012	0.5796557512105527	-2.600010271334239	0.009322097020729387	0.02743359980386077	MOB393
16.75790522691691	7.056244579696982	1.0518388847978384	6.708484238109509	1.96656407117786e-11	2.337185761515226e-10	MOB398
0.16040458316968978	-1.3174565332648034	2.4276670267382245	-0.5426841979375225	0.5873472560355553	NA	MOB4
0.7047124843987254	2.155700122462496	1.1582620185540469	1.861150661880144	0.06272290353599749	0.14585515187096942	MOB40
16.883841274722627	-6.179710302052202	1.2997198420004081	-4.754647965165297	1.9879250369957374e-6	1.041133621070649e-5	MOB406
1.7318107194577865	-2.0185217751508744	1.7442336225879917	-1.1572542513862965	0.24716849861330373	0.41283819498113977	MOB41
29.7005609011647	-8.074147280769095	0.922859026218264	-8.7490581458099	2.151407940720732e-18	6.647850536827062e-17	MOB415
6.243879586930023	-3.526555681737312	1.1432531793525136	-3.0846672858015514	0.0020377997488886307	0.00655916794173528	MOB418
1.4221318064267832	-2.9993712514025943	2.4150156257140294	-1.241967637586524	0.21424850264935186	0.37402704699802103	MOB42
0.04586020811135729	0.06173873374481231	2.4328507482091175	0.025377115217717218	0.9797541646395563	NA	MOB421
0.021493404928892894	-0.014584871008916988	2.4333211407794963	-0.005993812639232992	0.9952176580697301	NA	MOB424
3.289208706923182	4.432026748834544	0.9822586321976889	4.51207716945017	6.419582166705196e-6	2.9606729694207548e-5	MOB43
715.8509075932122	-11.904322545343259	1.5086370118736558	-7.890779857348623	3.0030397990551312e-15	5.458466458282562e-14	MOB431
1.8572076823175518	-3.3763761060730086	2.311564352990209	-1.4606455155381566	0.14411274849503497	0.2783177455310363	MOB433
0.3260547091100924	-1.1826682752895965	2.4285254090124715	-0.4869902826219608	0.6262652173052909	NA	MOB435
0.3919656482259946	-1.9798032500663136	1.9032086181669303	-1.0402450005576136	0.29822608937192047	NA	MOB437
0.021493404928892894	-0.014584871008916988	2.4333211407794963	-0.005993812639232992	0.9952176580697301	NA	MOB439
16.33600993947464	0.9747544176149946	0.7815390308298092	1.2472242321410825	0.21231529009913708	0.3727580945490532	MOB451
32.46519191882637	-7.118129537344295	2.085569232370029	-3.413039196620336	6.424270146286509e-4	0.0022557948581846945	MOB453
9.959335237730615	0.10067057289645699	0.888860695002206	0.11325798683921685	0.909826024504963	0.9217581690886346	MOB460
6.7896055089680765	-1.725285458469655	1.0144476586048272	-1.7007141214584152	0.08899668210257655	0.1993933728399409	MOB462
216.1367967780129	1.7196191814935067	0.5515279923231515	3.117918229771276	0.001821333280288549	0.005924126143254333	MOB47
122.96319841939896	-3.753744513601037	0.635811547010408	-5.90386338727439	3.550862353641573e-9	2.5516662029656888e-8	MOB471
11.707689311555939	-6.545457892642655	1.3057915729220786	-5.012636035010808	5.368939289630646e-7	2.9625040008854816e-6	MOB473
0.012425661575318074	-0.11149184531663209	2.4339512870296374	-0.045806933733951304	0.9634641322932642	NA	MOB48
7.05405726386424	-2.346920518734707	1.8742983985498418	-1.2521594856777003	0.21051175552259732	0.3727580945490532	MOB482
4.089561249706617	-4.564758296475004	2.070136973553606	-2.2050513346656095	0.027450492473001128	0.07312243253583921	MOB486
0.22811060200614774	-0.633666658703775	2.432762470793487	-0.2604720626494595	0.7944996625290541	NA	MOB489
12.151357729987152	6.604668908015227	1.0575347002088862	6.245344863587607	4.228660614396105e-10	3.733303228138276e-9	MOB490
0.2686097903665214	-1.0254338545912745	2.4296290601390114	-0.4220536671275261	0.6729858456925467	NA	MOB491
0.035645462926597725	-0.6421631585876245	2.432709315797578	-0.2639703619407104	0.7918027567070152	NA	MOB493
0.20704489737903886	-1.0815785367526072	2.373301630395581	-0.4557273811725019	0.6485860297146946	NA	MOB498
1.4824477493682164	-3.095524459104875	1.7464028627173542	-1.7725145355570051	0.07630918460512431	0.17337895619840743	MOB50
0.23820833503566002	0.30447901169531294	1.669859849337757	0.18233806376988168	0.8553174287795637	NA	MOB500
26.39472547513105	-7.878117225820692	0.9720078279982788	-8.10499360076619	5.274829338924976e-16	1.0187014160798859e-14	MOB507
7.014601622833815	-5.366979890955057	1.9116770083396903	-2.807472113511649	0.004993200284182706	0.015276226612004515	MOB510
0.5739850222963866	-0.3844231100013774	1.3658566720986605	-0.2814520131242652	0.7783637289640585	0.8409594134611681	MOB512
5.266473384016705	-4.511592210513775	2.4035419093960275	-1.8770599309614149	0.060509880346367985	0.14272941242005882	MOB519
0.07954808194520879	0.2811359309007186	2.431616025443745	0.11561690988996265	0.907956160629778	NA	MOB52
0.08397311784158012	0.06173873374481208	2.4328507482091175	0.02537711521771712	0.9797541646395564	NA	MOB521
0.48566757487981693	-1.5889277449122117	2.4216751762720983	-0.6561275271269826	0.5117420742934091	NA	MOB530
0.38080957751421246	-1.500506446548329	2.426617635857738	-0.6183530624584553	0.5363426310674074	NA	MOB537
22.85371500603105	-7.197649195022111	1.6110585509432127	-4.467652147594614	7.908276271534114e-6	3.541532417252234e-5	MOB54
0.035645462926597725	-0.6421631585876245	2.432709315797578	-0.2639703619407104	0.7918027567070152	NA	MOB540
0.021493404928892894	-0.014584871008916988	2.4333211407794963	-0.005993812639232992	0.9952176580697301	NA	MOB543
1.9959706602790355	-3.4664357272932973	2.31166261966599	-1.4995422332840938	0.1337330209424218	0.2656140001963897	MOB546
4.460253134449499	-4.806037162658217	1.355815209541166	-3.5447582597075837	3.929733165669846e-4	0.0014455804145142648	MOB549
7.054080928594767	-3.9141624051366715	0.5993568047829757	-6.530604764809455	6.55046488687916e-11	6.529334354986001e-10	MOB55
4.504553897910504	-1.2447168061826075	1.3785512332929846	-0.902916609932093	0.366570154479129	0.5011954766993401	MOB62
0.24525241729117161	-1.4290292291143702	2.427012348616803	-0.5888017957258435	0.555994241103701	NA	MOB65
0.16995035810985842	-0.9484755115349051	2.4302128685864135	-0.3902849514934083	0.6963258497271236	NA	MOB66
0.15262135320046877	-0.6336666699582106	2.4327624706816517	-0.26047206728762934	0.7944996589517636	NA	MOB68
0.03249760060310786	-0.6183455814505575	2.432859064515851	-0.25416416037795053	0.7993687374779878	NA	MOB70
193.93208931103655	0.6083193098875536	0.45814075331014853	1.3278000385085549	0.18424417423483566	0.3353103653073891	MOB71
0.06735361304025018	0.28113593090071887	2.431616025443744	0.11561690988996282	0.9079561606297779	NA	MOB73
0.03249760060310786	-0.6183455814505575	2.432859064515851	-0.25416416037795053	0.7993687374779878	NA	MOB77
11.851098729044969	-1.3938407392105703	0.4841758092770628	-2.8787905395186	0.003992033778905751	0.01245998421900886	MOB8
0.1343048951832607	-0.6336666678552071	2.432762470703754	-0.26047206642081205	0.7944996596203155	NA	MOB81
0.021493404928892894	-0.014584871008916988	2.4333211407794963	-0.005993812639232992	0.9952176580697301	NA	MOB82
5.045692510954142	0.17450345131968306	0.7997875432984348	0.21818725833113956	0.8272832123174105	0.8715931911245665	MOB83
0.06735361304025018	0.28113593090071887	2.431616025443744	0.11561690988996282	0.9079561606297779	NA	MOB87
3.0294130710944467	-4.5139775292361755	1.2106879439512672	-3.7284401416471633	1.9266865933173074e-4	7.349952559691951e-4	MOB89
1.7559048115214486	1.3709956729190405	1.6696509706122309	0.8211271080304413	0.4115738706028102	0.541175855388376	MOB90
2.310537127569258	-0.9491395282321964	1.08356985047268	-0.8759375575263174	0.38106398054755986	0.5121399157405531	MOB92
2.0812137008234237	-1.4248878167990884	1.47084751338801	-0.9687529154650055	0.3326684839953211	0.4742141995222615	MOB94
52.14449675143945	-0.5779640543147081	0.5278969113439286	-1.09484265184147	0.27358557694037755	0.4403017878884201	MOB98
